date,total_market_cap,active_asset_count,direct_observation_asset_count,carried_forward_asset_count,stale_asset_count,median_observation_age_days,max_observation_age_days,direct_observation_market_cap,carried_forward_market_cap,new_issuance,price_effect,removed_capital,other_adjustments,frequency,direct_coverage_pct,carried_forward_coverage_pct,prior_market_cap,net_external_flow,period_return,return_index,cumulative_invested_capital,cumulative_flow_adjusted_pl,drawdown,market_cap_weighted_index,equal_weighted_period_return,equal_weighted_index,calculated_at,calculation_version,reconciliation_difference,reconciles
2019-11-01,110300.0,3,0,0,0,0.0,0,0.0,0.0,110300.0,0.0,0.0,0.0,native,0.0,0.0,0.0,110300.0,0.0,100.0,110300.0,0.0,0.0,100.0,0.0,100.0,2026-07-17T23:15:52.362646+00:00,exchange_history_v2_exit_aware,0.0,True
2020-02-01,162800.0,4,0,3,0,92.0,92,0.0,110300.0,52500.0,0.0,0.0,0.0,native,0.0,0.6775184275184275,110300.0,52500.0,0.0,100.0,162800.0,0.0,0.0,100.0,0.0,100.0,2026-07-17T23:15:52.362646+00:00,exchange_history_v2_exit_aware,0.0,True
2020-03-17,165000.0,4,1,3,2,91.0,137,20000.0,145000.0,0.0,2199.999999999999,0.0,0.0,native,0.12121212121212122,0.8787878787878788,162800.0,0.0,0.013513513513513598,101.35135135135135,162800.0,2200.0,0.0,101.35135135135135,0.030898876404494346,103.08988764044943,2026-07-17T23:15:52.362646+00:00,exchange_history_v2_exit_aware,0.0,True
2020-04-01,190500.0,5,0,4,2,60.0,152,0.0,165000.0,25500.0,0.0,0.0,0.0,native,0.0,0.8661417322834646,165000.0,25500.0,0.0,101.35135135135135,188300.0,2200.0,0.0,101.35135135135135,0.0,103.08988764044943,2026-07-17T23:15:52.362646+00:00,exchange_history_v2_exit_aware,0.0,True
2020-05-01,330500.0,6,0,5,2,67.5,182,0.0,190500.0,140000.0,0.0,0.0,0.0,native,0.0,0.5763993948562783,190500.0,140000.0,0.0,101.35135135135135,328300.0,2200.0,0.0,101.35135135135135,0.0,103.08988764044943,2026-07-17T23:15:52.362646+00:00,exchange_history_v2_exit_aware,0.0,True
2020-05-05,332000.0,6,1,5,1,41.5,186,36000.0,296000.0,0.0,1500.0,0.0,0.0,native,0.10843373493975904,0.891566265060241,330500.0,0.0,0.004538577912254205,101.81134235597172,328300.0,3700.0,0.0,101.81134235597172,0.007246376811594198,103.83691581175705,2026-07-17T23:15:52.362646+00:00,exchange_history_v2_exit_aware,0.0,True
2020-06-01,388000.0,8,0,6,2,46.0,213,0.0,332000.0,56000.0,0.0,0.0,0.0,native,0.0,0.8556701030927835,332000.0,56000.0,0.0,101.81134235597172,384300.0,3700.0,0.0,101.81134235597172,0.0,103.83691581175705,2026-07-17T23:15:52.362646+00:00,exchange_history_v2_exit_aware,0.0,True
2020-06-30,395000.0,8,1,7,2,58.0,242,27000.0,368000.0,0.0,7000.0,0.0,0.0,native,0.06835443037974684,0.9316455696202531,388000.0,0.0,0.018041237113401998,103.64814492424954,384300.0,10700.0,0.0,103.64814492424954,0.04375000000000001,108.3797808785214,2026-07-17T23:15:52.362646+00:00,exchange_history_v2_exit_aware,0.0,True
2020-08-18,405400.0,8,1,7,2,91.5,291,35900.0,369500.0,0.0,10399.999999999998,0.0,0.0,native,0.08855451406018747,0.9114454859398126,395000.0,0.0,0.026329113924050684,106.37710873997663,384300.0,21100.0,0.0,106.37710873997663,0.05098039215686273,113.9050246095833,2026-07-17T23:15:52.362646+00:00,exchange_history_v2_exit_aware,0.0,True
2020-09-01,803000.0,15,0,8,3,14.0,305,0.0,405400.0,397600.0,0.0,0.0,0.0,native,0.0,0.5048567870485678,405400.0,397600.0,0.0,106.37710873997663,781900.0,21100.0,0.0,106.37710873997663,0.0,113.9050246095833,2026-07-17T23:15:52.362646+00:00,exchange_history_v2_exit_aware,0.0,True
2020-09-15,813000.0,15,1,14,3,14.0,319,150000.0,663000.0,0.0,10000.0,0.0,0.0,native,0.18450184501845018,0.8154981549815498,803000.0,0.0,0.012453300124533051,107.70185480149566,781900.0,31100.0,0.0,107.70185480149566,0.00476190476190476,114.44742948867655,2026-07-17T23:15:52.362646+00:00,exchange_history_v2_exit_aware,0.0,True
2020-10-01,882000.0,16,0,15,5,30.0,335,0.0,813000.0,69000.0,0.0,0.0,0.0,native,0.0,0.9217687074829932,813000.0,69000.0,0.0,107.70185480149566,850900.0,31100.0,0.0,107.70185480149566,0.0,114.44742948867655,2026-07-17T23:15:52.362646+00:00,exchange_history_v2_exit_aware,0.0,True
2020-10-13,882000.0,16,1,15,4,42.0,347,28000.0,854000.0,0.0,0.0,0.0,0.0,native,0.031746031746031744,0.9682539682539683,882000.0,0.0,0.0,107.70185480149566,850900.0,31100.0,0.0,107.70185480149566,0.0,114.44742948867655,2026-07-17T23:15:52.362646+00:00,exchange_history_v2_exit_aware,0.0,True
2020-10-20,882000.0,16,1,15,4,49.0,354,27000.0,855000.0,0.0,0.0,0.0,0.0,native,0.030612244897959183,0.9693877551020408,882000.0,0.0,0.0,107.70185480149566,850900.0,31100.0,0.0,107.70185480149566,0.0,114.44742948867655,2026-07-17T23:15:52.362646+00:00,exchange_history_v2_exit_aware,0.0,True
2020-11-01,1171500.0,20,0,16,4,61.0,366,0.0,882000.0,289500.0,0.0,0.0,0.0,native,0.0,0.7528809218950064,882000.0,289500.0,0.0,107.70185480149566,1140400.0,31100.0,0.0,107.70185480149566,0.0,114.44742948867655,2026-07-17T23:15:52.362646+00:00,exchange_history_v2_exit_aware,0.0,True
2020-11-17,1171500.0,20,1,19,3,77.0,382,36000.0,1135500.0,0.0,0.0,0.0,0.0,native,0.030729833546734954,0.969270166453265,1171500.0,0.0,0.0,107.70185480149566,1140400.0,31100.0,0.0,107.70185480149566,0.0,114.44742948867655,2026-07-17T23:15:52.362646+00:00,exchange_history_v2_exit_aware,0.0,True
2020-11-20,1331500.0,21,0,20,3,80.0,385,0.0,1171500.0,160000.0,0.0,0.0,0.0,native,0.0,0.8798347728126173,1171500.0,160000.0,0.0,107.70185480149566,1300400.0,31100.0,0.0,107.70185480149566,0.0,114.44742948867655,2026-07-17T23:15:52.362646+00:00,exchange_history_v2_exit_aware,0.0,True
2020-12-01,1411600.0,23,2,19,2,49.0,396,96000.0,1243100.0,72500.0,7600.000000000002,0.0,0.0,native,0.06800793425899689,0.8806319070558232,1331500.0,72500.0,0.005707848291400586,108.31660064940505,1372900.0,38700.0,0.0,108.31660064940505,0.006935364675117953,115.24116414831039,2026-07-17T23:15:52.362646+00:00,exchange_history_v2_exit_aware,0.0,True
2020-12-15,1361600.0,23,1,22,2,56.0,410,100000.0,1261600.0,0.0,-50000.0,0.0,0.0,native,0.07344300822561692,0.9265569917743831,1411600.0,0.0,-0.035420799093227595,104.47994009934109,1372900.0,-11300.0,-0.035420799093227706,104.47994009934109,-0.014492753623188408,113.5710023490595,2026-07-17T23:15:52.362646+00:00,exchange_history_v2_exit_aware,0.0,True
2020-12-22,1361600.0,23,1,22,2,51.0,417,54000.0,1307600.0,0.0,0.0,0.0,0.0,native,0.03965922444183314,0.9603407755581669,1361600.0,0.0,0.0,104.47994009934109,1372900.0,-11300.0,-0.035420799093227706,104.47994009934109,0.0,113.5710023490595,2026-07-17T23:15:52.362646+00:00,exchange_history_v2_exit_aware,0.0,True
2021-01-01,1856600.0,27,0,23,8,61.0,427,0.0,1361600.0,495000.0,0.0,0.0,0.0,native,0.0,0.7333836044382204,1361600.0,495000.0,0.0,104.47994009934109,1867900.0,-11300.0,-0.035420799093227706,104.47994009934109,0.0,113.5710023490595,2026-07-17T23:15:52.362646+00:00,exchange_history_v2_exit_aware,0.0,True
2021-01-05,1861100.0,27,2,25,6,49.0,431,102500.0,1758600.0,0.0,4500.0,0.0,0.0,native,0.05507495567137714,0.9449250443286229,1856600.0,0.0,0.0024237854141979653,104.73317705423015,1867900.0,-6800.0,-0.033082866095231145,104.73317705423015,0.0038580246913580275,114.00916208034444,2026-07-17T23:15:52.362646+00:00,exchange_history_v2_exit_aware,0.0,True
2021-01-14,1861100.0,27,1,26,6,55.0,440,28000.0,1833100.0,0.0,0.0,0.0,0.0,native,0.015044865939498147,0.9849551340605018,1861100.0,0.0,0.0,104.73317705423015,1867900.0,-6800.0,-0.033082866095231145,104.73317705423015,0.0,114.00916208034444,2026-07-17T23:15:52.362646+00:00,exchange_history_v2_exit_aware,0.0,True
2021-01-21,1862600.0,27,1,26,6,51.0,447,28500.0,1834100.0,0.0,1500.0,0.0,0.0,native,0.015301191882315043,0.984698808117685,1861100.0,0.0,0.0008059749610445088,104.8175893725265,1867900.0,-5300.0,-0.032303555095898995,104.8175893725265,0.002057613168724281,114.24374883359616,2026-07-17T23:15:52.362646+00:00,exchange_history_v2_exit_aware,0.0,True
2021-02-01,1892600.0,28,0,27,7,62.0,458,0.0,1862600.0,30000.0,0.0,0.0,0.0,native,0.0,0.9841487900243052,1862600.0,30000.0,0.0,104.8175893725265,1897900.0,-5300.0,-0.032303555095898995,104.8175893725265,0.0,114.24374883359616,2026-07-17T23:15:52.362646+00:00,exchange_history_v2_exit_aware,0.0,True
2021-02-09,1906600.0,28,1,27,7,70.0,466,50000.0,1856600.0,0.0,14000.0,0.0,0.0,native,0.0262246931710899,0.9737753068289101,1892600.0,0.0,0.0073972313219909935,105.59294932772853,1897900.0,8700.0,-0.02514528064347521,105.59294932772853,0.013888888888888886,115.8304675673961,2026-07-17T23:15:52.362646+00:00,exchange_history_v2_exit_aware,0.0,True
2021-02-18,1921600.0,28,2,26,7,72.0,475,72000.0,1849600.0,0.0,15000.0,0.0,0.0,native,0.03746877601998335,0.9625312239800167,1906600.0,0.0,0.00786740795132701,106.42369213687357,1897900.0,23700.0,-0.017475700873020972,106.42369213687357,0.02551020408163265,118.78532643391131,2026-07-17T23:15:52.362646+00:00,exchange_history_v2_exit_aware,0.0,True
2021-03-01,1943600.0,29,0,28,7,76.0,486,0.0,1921600.0,22000.0,0.0,0.0,0.0,native,0.0,0.9886807985182137,1921600.0,22000.0,0.0,106.42369213687357,1919900.0,23700.0,-0.017475700873020972,106.42369213687357,0.0,118.78532643391131,2026-07-17T23:15:52.362646+00:00,exchange_history_v2_exit_aware,0.0,True
2021-03-02,1923600.0,29,1,28,10,70.0,487,80000.0,1843600.0,0.0,-20000.0,0.0,0.0,native,0.041588687876897484,0.9584113121231025,1943600.0,0.0,-0.010290183165260314,105.32857285166186,1919900.0,3700.0,-0.027586055875356674,105.32857285166186,-0.006896551724137929,117.96611728609123,2026-07-17T23:15:52.362646+00:00,exchange_history_v2_exit_aware,0.0,True
2021-03-04,1919600.0,29,1,28,10,62.0,489,50000.0,1869600.0,0.0,-4000.0,0.0,0.0,native,0.026047093144405085,0.9739529068555949,1923600.0,0.0,-0.0020794343938448367,105.10954899461953,1919900.0,-300.0,-0.029608126875823704,105.10954899461953,-0.0025542784163473816,117.66479897884707,2026-07-17T23:15:52.362646+00:00,exchange_history_v2_exit_aware,0.0,True
2021-03-11,1906800.0,29,1,28,10,69.0,496,33200.0,1873600.0,0.0,-12799.999999999996,0.0,0.0,native,0.017411369834277324,0.9825886301657227,1919600.0,0.0,-0.0066680558449676575,104.40867265208405,1919900.0,-13100.0,-0.03607875407731842,104.40867265208405,-0.009595202398800597,116.53578141743084,2026-07-17T23:15:52.362646+00:00,exchange_history_v2_exit_aware,0.0,True
2021-03-16,1885300.0,29,1,28,10,74.0,501,35000.0,1850300.0,0.0,-21500.0,0.0,0.0,native,0.018564684665570465,0.9814353153344295,1906800.0,0.0,-0.011275435284245905,103.23141942048146,1919900.0,-34600.0,-0.04694738570482937,103.23141942048146,-0.013121757705218189,115.00662712968304,2026-07-17T23:15:52.362646+00:00,exchange_history_v2_exit_aware,0.0,True
2021-03-18,1882300.0,29,1,28,10,76.0,503,25000.0,1857300.0,0.0,-3000.0,0.0,0.0,native,0.013281623545662221,0.9867183764543378,1885300.0,0.0,-0.001591258685620378,103.06715152769969,1919900.0,-37600.0,-0.04846393895517975,103.06715152769969,-0.003694581280788176,114.58172579792311,2026-07-17T23:15:52.362646+00:00,exchange_history_v2_exit_aware,0.0,True
2021-03-23,1874300.0,29,1,28,11,81.0,508,20500.0,1853800.0,0.0,-8000.0,0.0,0.0,native,0.010937416635543937,0.9890625833644561,1882300.0,0.0,-0.0042501195346119625,102.629103813615,1919900.0,-45600.0,-0.052508080956114145,102.629103813615,-0.00967937084089534,113.47264678233525,2026-07-17T23:15:52.362646+00:00,exchange_history_v2_exit_aware,0.0,True
2021-04-01,1931300.0,31,0,29,14,90.0,517,0.0,1874300.0,57000.0,0.0,0.0,0.0,native,0.0,0.9704862010045048,1874300.0,57000.0,0.0,102.629103813615,1976900.0,-45600.0,-0.052508080956114145,102.629103813615,0.0,113.47264678233525,2026-07-17T23:15:52.362646+00:00,exchange_history_v2_exit_aware,0.0,True
2021-04-15,1880250.0,31,2,29,12,104.0,531,77950.0,1802300.0,0.0,-51050.0,0.0,0.0,native,0.041457253024863715,0.9585427469751363,1931300.0,0.0,-0.026432972609123362,99.91631152361084,1976900.0,-96650.0,-0.07755310889956679,99.91631152361084,-0.025268817204301075,110.60532721310419,2026-07-17T23:15:52.362646+00:00,exchange_history_v2_exit_aware,0.0,True
2021-04-20,1849050.0,31,1,30,11,78.0,536,46800.0,1802250.0,0.0,-31200.0,0.0,0.0,native,0.025310294475541496,0.9746897055244585,1880250.0,0.0,-0.016593538093338633,98.25834640219792,1976900.0,-127850.0,-0.09285976652612371,98.25834640219792,-0.012903225806451613,109.17816170067702,2026-07-17T23:15:52.362646+00:00,exchange_history_v2_exit_aware,0.0,True
2021-04-22,1837050.0,31,2,29,11,80.0,538,60000.0,1777050.0,0.0,-12000.0,0.0,0.0,native,0.03266105985139218,0.9673389401486078,1849050.0,0.0,-0.006489819096292648,97.62066750934679,1976900.0,-139850.0,-0.09874694253633787,97.62066750934679,-0.010752688172043012,108.00420297271276,2026-07-17T23:15:52.362646+00:00,exchange_history_v2_exit_aware,0.0,True
2021-04-29,1813050.0,31,1,30,10,79.0,545,30000.0,1783050.0,0.0,-24000.0,0.0,0.0,native,0.01654670306941342,0.9834532969305866,1837050.0,0.0,-0.013064423940556846,96.34530972364455,1976900.0,-163850.0,-0.11052129455676607,96.34530972364455,-0.014336917562724014,106.45575561826526,2026-07-17T23:15:52.362646+00:00,exchange_history_v2_exit_aware,0.0,True
2021-05-04,1814250.0,31,1,30,13,64.0,550,12200.0,1802050.0,0.0,1199.9999999999993,0.0,0.0,native,0.006724541821689404,0.9932754581783106,1813050.0,0.0,0.0006618681227765766,96.40907761292966,1976900.0,-162650.0,-0.10993257695574465,96.40907761292966,0.003519061583577714,106.83037997821224,2026-07-17T23:15:52.362646+00:00,exchange_history_v2_exit_aware,0.0,True
2021-05-14,1954250.0,32,0,31,13,73.5,560,0.0,1814250.0,140000.0,0.0,0.0,0.0,native,0.0,0.9283612639119867,1814250.0,140000.0,0.0,96.40907761292966,2116900.0,-162650.0,-0.10993257695574465,96.40907761292966,0.0,106.83037997821224,2026-07-17T23:15:52.362646+00:00,exchange_history_v2_exit_aware,0.0,True
2021-05-21,1942250.0,32,1,31,13,80.5,567,38000.0,1904250.0,0.0,-12000.0,0.0,0.0,native,0.01956493757240314,0.9804350624275968,1954250.0,0.0,-0.00614046309325833,95.81708122999238,2116900.0,-174650.0,-0.11539800311745951,95.81708122999238,-0.0075,106.02915212837564,2026-07-17T23:15:52.362646+00:00,exchange_history_v2_exit_aware,0.0,True
2021-05-25,1942250.0,32,1,31,13,84.5,571,33200.0,1909050.0,0.0,0.0,0.0,0.0,native,0.01709357703694169,0.9829064229630583,1942250.0,0.0,0.0,95.81708122999238,2116900.0,-174650.0,-0.11539800311745951,95.81708122999238,0.0,106.02915212837564,2026-07-17T23:15:52.362646+00:00,exchange_history_v2_exit_aware,0.0,True
2021-05-28,1942250.0,32,1,31,13,80.0,574,50000.0,1892250.0,0.0,0.0,0.0,0.0,native,0.025743338911056766,0.9742566610889433,1942250.0,0.0,0.0,95.81708122999238,2116900.0,-174650.0,-0.11539800311745951,95.81708122999238,0.0,106.02915212837564,2026-07-17T23:15:52.362646+00:00,exchange_history_v2_exit_aware,0.0,True
2021-05-31,1941250.0,32,1,31,13,82.0,577,34000.0,1907250.0,0.0,-1000.0,0.0,0.0,native,0.01751448808757244,0.9824855119124276,1942250.0,0.0,-0.0005148667782211014,95.76774819808095,2116900.0,-175650.0,-0.11585345529760238,95.76774819808095,-0.0008928571428571432,105.93448324254675,2026-07-17T23:15:52.362646+00:00,exchange_history_v2_exit_aware,0.0,True
2021-06-01,1941750.0,32,1,31,13,80.5,578,25500.0,1916250.0,0.0,500.0,0.0,0.0,native,0.01313248358439552,0.9868675164156044,1941250.0,0.0,0.00025756600128779006,95.79241471403667,2116900.0,-175150.0,-0.115625729207531,95.79241471403667,0.0006250000000000006,106.00069229457335,2026-07-17T23:15:52.362646+00:00,exchange_history_v2_exit_aware,0.0,True
2021-06-07,1943250.0,32,1,31,14,82.0,584,22000.0,1921250.0,0.0,1500.0,0.0,0.0,native,0.011321240190402676,0.9886787598095973,1941750.0,0.0,0.0007724990343762617,95.86641426190383,2116900.0,-173650.0,-0.11494255093731665,95.86641426190383,0.0022865853658536606,106.24307192634448,2026-07-17T23:15:52.362646+00:00,exchange_history_v2_exit_aware,0.0,True
2021-06-21,1943550.0,32,1,31,13,81.0,598,30300.0,1913250.0,0.0,299.9999999999989,0.0,0.0,native,0.0155900285559929,0.9844099714440071,1943250.0,0.0,0.00015438054805083645,95.88121417147725,2116900.0,-173350.0,-0.11480591528327377,95.88121417147725,0.0003125000000000003,106.27627288632146,2026-07-17T23:15:52.362646+00:00,exchange_history_v2_exit_aware,0.0,True
2021-06-23,1949550.0,32,1,31,13,83.0,600,46000.0,1903550.0,0.0,6000.0,0.0,0.0,native,0.023595188633274346,0.9764048113667256,1943550.0,0.0,0.003087134367523392,96.1772123629459,2116900.0,-167350.0,-0.11207320220241634,96.1772123629459,0.004687499999999997,106.77444291547609,2026-07-17T23:15:52.362646+00:00,exchange_history_v2_exit_aware,0.0,True
2021-06-25,1961250.0,32,1,31,13,85.0,602,58500.0,1902750.0,0.0,11700.0,0.0,0.0,native,0.02982791586998088,0.9701720841300191,1949550.0,0.0,0.006001384934984921,96.75440883630972,2116900.0,-155650.0,-0.10674441169474458,96.75440883630972,0.0078125,107.60861825075325,2026-07-17T23:15:52.362646+00:00,exchange_history_v2_exit_aware,0.0,True
2021-06-28,1971600.0,32,1,31,13,88.0,605,48300.0,1923300.0,0.0,10350.0,0.0,0.0,native,0.024497869750456484,0.9755021302495435,1961250.0,0.0,0.005277246653919709,97.26500571659312,2116900.0,-145300.0,-0.10203048163026551,97.26500571659312,0.008522727272727272,108.52573715629946,2026-07-17T23:15:52.362646+00:00,exchange_history_v2_exit_aware,0.0,True
2021-07-14,1990600.0,32,1,31,15,104.0,621,49000.0,1941600.0,0.0,19000.0,0.0,0.0,native,0.024615693760675173,0.9753843062393248,1971600.0,0.0,0.009636843173057352,98.20233332291046,2116900.0,-126300.0,-0.09337689020755047,98.20233332291046,0.019791666666666666,110.6736423708512,2026-07-17T23:15:52.362646+00:00,exchange_history_v2_exit_aware,0.0,True
2021-07-20,1986600.0,32,1,31,15,110.0,627,20000.0,1966600.0,0.0,-4000.0,0.0,0.0,native,0.010067451927917043,0.989932548072083,1990600.0,0.0,-0.0020094443886264912,98.00500119526471,2116900.0,-130300.0,-0.09519869892812205,98.00500119526471,-0.005208333333333332,110.09721715016967,2026-07-17T23:15:52.362646+00:00,exchange_history_v2_exit_aware,0.0,True
2021-07-23,1984400.0,32,1,31,15,113.0,630,10000.0,1974400.0,0.0,-2199.999999999999,0.0,0.0,native,0.005039306591413021,0.994960693408587,1986600.0,0.0,-0.001107419712070845,97.89646852505955,2116900.0,-132500.0,-0.0962006937244364,97.89646852505955,-0.005635245901639344,109.47679225844229,2026-07-17T23:15:52.362646+00:00,exchange_history_v2_exit_aware,0.0,True
2021-07-26,2024400.0,32,1,31,14,105.5,633,120000.0,1904400.0,0.0,40000.0,0.0,0.0,native,0.05927682276229994,0.9407231772377,1984400.0,0.0,0.02015722636565198,99.8697898015171,2116900.0,-92500.0,-0.07798260651872058,99.8697898015171,0.015625,111.18736713748045,2026-07-17T23:15:52.362646+00:00,exchange_history_v2_exit_aware,0.0,True
2021-08-01,2131900.0,33,0,32,16,101.0,639,0.0,2024400.0,107500.0,0.0,0.0,0.0,native,0.0,0.9495754960363995,2024400.0,107500.0,0.0,99.8697898015171,2224400.0,-92500.0,-0.07798260651872058,99.8697898015171,0.0,111.18736713748045,2026-07-17T23:15:52.362646+00:00,exchange_history_v2_exit_aware,0.0,True
2021-08-10,2140700.0,33,1,32,16,110.0,648,42000.0,2098700.0,0.0,8799.999999999996,0.0,0.0,native,0.01961975054888588,0.9803802494511141,2131900.0,0.0,0.004127773347718078,100.282029658102,2224400.0,-83700.0,-0.0741767276957761,100.282029658102,0.008032128514056224,112.08043835946826,2026-07-17T23:15:52.362646+00:00,exchange_history_v2_exit_aware,0.0,True
2021-08-13,2143700.0,33,1,32,16,113.0,651,41000.0,2102700.0,0.0,3000.0,0.0,0.0,native,0.019125810514530953,0.980874189485469,2140700.0,0.0,0.0014014107534918718,100.42256597284687,2224400.0,-80700.0,-0.07287926900613584,100.42256597284687,0.0023923444976076563,112.348573379467,2026-07-17T23:15:52.362646+00:00,exchange_history_v2_exit_aware,0.0,True
2021-08-16,2147700.0,33,1,32,16,116.0,654,54000.0,2093700.0,0.0,4000.0,0.0,0.0,native,0.02514317642128789,0.9748568235787121,2143700.0,0.0,0.0018659327331249642,100.60994772584,2224400.0,-76700.0,-0.07114932408661567,100.60994772584,0.0024242424242424264,112.62093355735661,2026-07-17T23:15:52.362646+00:00,exchange_history_v2_exit_aware,0.0,True
2021-08-17,2163700.0,33,1,32,16,117.0,655,50000.0,2113700.0,0.0,16000.0,0.0,0.0,native,0.023108564033830936,0.976891435966169,2147700.0,0.0,0.007449830050751949,101.35947473781255,2224400.0,-60700.0,-0.0642295444085349,101.35947473781255,0.014260249554367204,114.22693617493032,2026-07-17T23:15:52.362646+00:00,exchange_history_v2_exit_aware,0.0,True
2021-08-19,2166200.0,33,1,32,16,119.0,657,28000.0,2138200.0,0.0,2500.0,0.0,0.0,native,0.012925860954667159,0.9870741390453328,2163700.0,0.0,0.0011554282016914552,101.47658833343326,2224400.0,-58200.0,-0.06314832883383481,101.47658833343326,0.0029708853238265033,114.56629130319808,2026-07-17T23:15:52.362646+00:00,exchange_history_v2_exit_aware,0.0,True
2021-08-25,2172700.0,33,1,32,17,125.0,663,28500.0,2144200.0,0.0,6500.0,0.0,0.0,native,0.013117319464261057,0.9868826805357389,2166200.0,0.0,0.0030006462930476374,101.78108368204708,2224400.0,-51700.0,-0.060337168339614666,101.78108368204708,0.008953168044077134,115.59202256142231,2026-07-17T23:15:52.362646+00:00,exchange_history_v2_exit_aware,0.0,True
2021-09-10,2275960.0,34,1,32,17,130.0,679,71760.0,2114200.0,90000.0,13259.999999999995,0.0,0.0,native,0.031529552364716426,0.9289266946695021,2172700.0,90000.0,0.0061030054770561115,102.4022541932193,2314400.0,-38440.0,-0.05460240093140534,102.4022541932193,0.006868686868686866,116.38598796891493,2026-07-17T23:15:52.362646+00:00,exchange_history_v2_exit_aware,0.0,True
2021-09-13,2270960.0,34,1,33,18,133.0,682,41000.0,2229960.0,0.0,-5000.0,0.0,0.0,native,0.018054038820586888,0.9819459611794131,2275960.0,0.0,-0.0021968751647656326,102.1772892241662,2314400.0,-43440.0,-0.05667932143762833,102.1772892241662,-0.0031969309462915613,116.01391000226238,2026-07-17T23:15:52.362646+00:00,exchange_history_v2_exit_aware,0.0,True
2021-09-15,2297620.0,34,2,32,18,135.0,684,123960.0,2173660.0,0.0,26660.000000000007,0.0,0.0,native,0.053951480227365706,0.9460485197726343,2270960.0,0.0,0.011739528657483955,103.37680243915732,2314400.0,-16780.0,-0.04560518129844826,103.37680243915732,0.01620648259303722,117.89408741526424,2026-07-17T23:15:52.362646+00:00,exchange_history_v2_exit_aware,0.0,True
2021-09-20,2299120.0,34,1,33,18,140.0,689,31800.0,2267320.0,0.0,1500.0,0.0,0.0,native,0.013831378962385609,0.9861686210376144,2297620.0,0.0,0.0006528494703215149,103.44429192987326,2314400.0,-15280.0,-0.044982105146581186,103.44429192987326,0.0014560279557367514,118.06574450235694,2026-07-17T23:15:52.362646+00:00,exchange_history_v2_exit_aware,0.0,True
2021-09-22,2299120.0,34,1,33,18,142.0,691,120000.0,2179120.0,0.0,0.0,0.0,0.0,native,0.05219388287692683,0.9478061171230732,2299120.0,0.0,0.0,103.44429192987326,2314400.0,-15280.0,-0.044982105146581186,103.44429192987326,0.0,118.06574450235694,2026-07-17T23:15:52.362646+00:00,exchange_history_v2_exit_aware,0.0,True
2021-09-24,2307520.0,34,1,33,17,99.5,693,44400.0,2263120.0,0.0,8399.999999999998,0.0,0.0,native,0.019241436693939813,0.9807585633060601,2299120.0,0.0,0.003653571801384814,103.82223307788246,2314400.0,-6880.0,-0.041492878696126945,103.82223307788246,0.006862745098039217,118.87599961168685,2026-07-17T23:15:52.362646+00:00,exchange_history_v2_exit_aware,0.0,True
2021-09-30,2307820.0,34,1,33,16,70.5,699,30300.0,2277520.0,0.0,299.9999999999989,0.0,0.0,native,0.013129273513532252,0.9868707264864678,2307520.0,0.0,0.00013000970739152073,103.83573097602566,2314400.0,-6580.0,-0.041368263465753397,103.83573097602566,0.0002941176470588238,118.91096314098439,2026-07-17T23:15:52.362646+00:00,exchange_history_v2_exit_aware,0.0,True
2021-10-01,2907820.0,35,0,34,16,70.0,700,0.0,2307820.0,600000.0,0.0,0.0,0.0,native,0.0,0.7936598551492183,2307820.0,600000.0,0.0,103.83573097602566,2914400.0,-6580.0,-0.041368263465753397,103.83573097602566,0.0,118.91096314098439,2026-07-17T23:15:52.362646+00:00,exchange_history_v2_exit_aware,0.0,True
2021-10-15,2913820.0,35,1,34,16,84.0,714,56000.0,2857820.0,0.0,6000.0,0.0,0.0,native,0.019218757507327152,0.9807812424926728,2907820.0,0.0,0.0020634014485079177,104.04998577372847,2914400.0,-580.0,-0.039390221352002985,104.04998577372847,0.0034285714285714314,119.31865787175346,2026-07-17T23:15:52.362646+00:00,exchange_history_v2_exit_aware,0.0,True
2021-10-21,2919320.0,35,1,34,16,81.0,720,15500.0,2903820.0,0.0,5500.0,0.0,0.0,native,0.005309455626652782,0.9946905443733473,2913820.0,0.0,0.0018875565408982276,104.24638600495604,2914400.0,4920.0,-0.03757701608106523,104.24638600495604,0.015714285714285715,121.1936653525953,2026-07-17T23:15:52.362646+00:00,exchange_history_v2_exit_aware,0.0,True
2021-10-29,2927320.0,35,1,34,16,89.0,728,50000.0,2877320.0,0.0,8000.0,0.0,0.0,native,0.017080469507945836,0.9829195304920542,2919320.0,0.0,0.00274036419440149,104.53205906855978,2914400.0,12920.0,-0.034939626596064643,104.53205906855978,0.005442176870748299,121.85322271505841,2026-07-17T23:15:52.362646+00:00,exchange_history_v2_exit_aware,0.0,True
2021-11-01,2972570.0,37,1,34,15,77.0,731,132000.0,2762320.0,78250.0,-33000.0,0.0,0.0,native,0.04440601903403452,0.9292699583188958,2927320.0,78250.0,-0.011273109875244214,103.35365768119438,2992650.0,-20080.0,-0.045818858221691516,103.35365768119438,-0.005714285714285713,121.15691858525808,2026-07-17T23:15:52.362646+00:00,exchange_history_v2_exit_aware,0.0,True
2021-11-11,2985620.0,37,1,36,15,84.0,741,54050.0,2931570.0,0.0,13049.999999999996,0.0,0.0,native,0.018103442501055056,0.9818965574989449,2972570.0,0.0,0.004390140518137464,103.80739476147829,2992650.0,-7030.0,-0.04162986892952791,103.80739476147829,0.008602504943968354,122.19917157638373,2026-07-17T23:15:52.362646+00:00,exchange_history_v2_exit_aware,0.0,True
2021-12-20,2982860.0,37,1,36,19,123.0,780,69000.0,2913860.0,0.0,-2760.0000000000023,0.0,0.0,native,0.02313216175080292,0.9768678382491971,2985620.0,0.0,-0.0009244311064368071,103.71143197668262,2992650.0,-9790.0,-0.04251581609016941,103.71143197668262,-0.0010395010395010417,122.07214541050394,2026-07-17T23:15:52.362646+00:00,exchange_history_v2_exit_aware,0.0,True
2022-01-01,3062860.0,38,0,37,20,132.0,792,0.0,2982860.0,80000.0,0.0,0.0,0.0,native,0.0,0.9738806213800174,2982860.0,80000.0,0.0,103.71143197668262,3072650.0,-9790.0,-0.04251581609016941,103.71143197668262,0.0,122.07214541050394,2026-07-17T23:15:52.362646+00:00,exchange_history_v2_exit_aware,0.0,True
2022-01-03,3062560.0,38,1,37,20,134.0,794,30000.0,3032560.0,0.0,-299.9999999999989,0.0,0.0,native,0.009795726451073612,0.9902042735489264,3062860.0,0.0,-9.794766982496039e-05,103.70127368358631,3072650.0,-10090.0,-0.04260959943487752,103.70127368358631,-0.0002605523710265766,122.0403392235809,2026-07-17T23:15:52.362646+00:00,exchange_history_v2_exit_aware,0.0,True
2022-01-10,3051860.0,38,3,35,21,130.0,801,93500.0,2958360.0,0.0,-10700.0,0.0,0.0,native,0.030637054124370056,0.96936294587563,3062560.0,0.0,-0.0034938091008829275,103.33896122981743,3072650.0,-20790.0,-0.045954538729469974,103.33896122981743,-0.0076702464984490775,121.10425973898171,2026-07-17T23:15:52.362646+00:00,exchange_history_v2_exit_aware,0.0,True
2022-01-24,3047360.0,38,2,36,22,134.5,815,44000.0,3003360.0,0.0,-4500.0,0.0,0.0,native,0.014438727291819805,0.9855612727081802,3051860.0,0.0,-0.0014745106263065466,103.18658683337259,3072650.0,-25290.0,-0.047361288900092835,103.18658683337259,-0.005921052631578947,120.3871950431588,2026-07-17T23:15:52.362646+00:00,exchange_history_v2_exit_aware,0.0,True
2022-01-31,2991460.0,38,2,36,22,141.5,822,196100.0,2795360.0,0.0,-55900.00000000001,0.0,0.0,native,0.06555327498947003,0.9344467250105299,3047360.0,0.0,-0.018343746718471055,101.29375821975768,3072650.0,-81190.0,-0.0648362521307203,101.29375821975768,-0.011600877192982459,118.9905979778555,2026-07-17T23:15:52.362646+00:00,exchange_history_v2_exit_aware,0.0,True
2022-02-01,3021460.0,39,0,38,22,141.0,823,0.0,2991460.0,30000.0,0.0,0.0,0.0,native,0.0,0.990071025265931,2991460.0,30000.0,0.0,101.29375821975768,3102650.0,-81190.0,-0.0648362521307203,101.29375821975768,0.0,118.9905979778555,2026-07-17T23:15:52.362646+00:00,exchange_history_v2_exit_aware,0.0,True
2022-02-14,3013660.0,39,1,38,22,152.0,836,63959.99999999999,2949700.0,0.0,-7800.0,0.0,0.0,native,0.021223362954016046,0.9787766370459839,3021460.0,0.0,-0.002581533430857874,101.03226499657613,3102650.0,-88990.0,-0.06725040860917131,101.03226499657613,-0.00278706800445931,118.65896308939993,2026-07-17T23:15:52.362646+00:00,exchange_history_v2_exit_aware,0.0,True
2022-03-25,2977880.0,39,3,36,25,175.0,875,137220.0,2840660.0,0.0,-35779.99999999999,0.0,0.0,native,0.04607976144102516,0.9539202385589748,3013660.0,0.0,-0.011872606730686242,99.83274864716131,3102650.0,-124770.0,-0.07832457768596279,99.83274864716131,-0.01655270655270655,116.69483609353266,2026-07-17T23:15:52.362646+00:00,exchange_history_v2_exit_aware,0.0,True
2022-03-28,2949330.0,39,8,31,23,178.0,878,361950.0,2587380.0,0.0,-28550.0,0.0,0.0,native,0.1227227878874185,0.8772772121125815,2977880.0,0.0,-0.009587357448923362,98.87561640077244,3102650.0,-153320.0,-0.08716100941157501,98.87561640077244,-0.020315198899717554,114.3241572877226,2026-07-17T23:15:52.362646+00:00,exchange_history_v2_exit_aware,0.0,True
2022-03-29,2940130.0,39,3,36,22,148.0,879,76400.0,2863730.0,0.0,-9199.999999999996,0.0,0.0,native,0.025985245550366822,0.9740147544496331,2949330.0,0.0,-0.003119352530913777,98.56718849650704,3102650.0,-162520.0,-0.09000847602718365,98.56718849650704,-0.0018141950624694127,114.11675096605025,2026-07-17T23:15:52.362646+00:00,exchange_history_v2_exit_aware,0.0,True
2022-03-30,2941830.0,39,2,37,20,149.0,880,69000.0,2872830.0,0.0,1700.0000000000027,0.0,0.0,native,0.02345478834602951,0.9765452116539705,2940130.0,0.0,0.0005782057255971917,98.62418060925174,3102650.0,-160820.0,-0.0894823137177777,98.62418060925174,0.007745162406290293,115.00060373556049,2026-07-17T23:15:52.362646+00:00,exchange_history_v2_exit_aware,0.0,True
2022-03-31,2945080.0,39,1,38,19,89.0,881,68250.0,2876830.0,0.0,3250.0,0.0,0.0,native,0.023174243144498622,0.9768257568555013,2941830.0,0.0,0.0011047545235449707,98.73313611891074,3102650.0,-157570.0,-0.08847641518508964,98.73313611891074,0.0012820512820512831,115.14804040701634,2026-07-17T23:15:52.362646+00:00,exchange_history_v2_exit_aware,0.0,True
2022-04-11,2944080.0,39,1,38,18,69.0,892,51200.0,2892880.0,0.0,-1000.0,0.0,0.0,native,0.017390831770875793,0.9826091682291243,2945080.0,0.0,-0.0003395493501024971,98.69961134670798,3102650.0,-158570.0,-0.08878592242591665,98.69961134670798,-0.0004912073877591132,115.09147883888242,2026-07-17T23:15:52.362646+00:00,exchange_history_v2_exit_aware,0.0,True
2022-06-24,2939580.0,39,2,37,21,143.0,966,44000.0,2895580.0,0.0,-4500.0,0.0,0.0,native,0.014968124698086121,0.9850318753019138,2944080.0,0.0,-0.0015284910736120816,98.54874987179556,3102650.0,-163070.0,-0.0901787050096382,98.54874987179556,-0.00481331533963113,114.53750725832639,2026-07-17T23:15:52.362646+00:00,exchange_history_v2_exit_aware,0.0,True
2022-06-27,2917980.0,39,8,31,20,133.0,969,258250.0,2659730.0,0.0,-21600.000000000007,0.0,0.0,native,0.08850300550380742,0.9114969944961926,2939580.0,0.0,-0.007347988488151325,97.8246147922159,3102650.0,-184670.0,-0.09686406141150239,97.8246147922159,-0.011896096106622425,113.17495806416838,2026-07-17T23:15:52.362646+00:00,exchange_history_v2_exit_aware,0.0,True
2022-06-29,2909430.0,39,2,37,20,135.0,971,68750.0,2840680.0,0.0,-8550.0,0.0,0.0,native,0.02363005812135023,0.9763699418786498,2917980.0,0.0,-0.0029301091851212657,97.53797798988228,3102650.0,-193220.0,-0.0995103483205736,97.53797798988228,-0.00467638551959733,112.64570832909607,2026-07-17T23:15:52.362646+00:00,exchange_history_v2_exit_aware,0.0,True
2022-06-30,2890480.0,39,8,31,19,6.0,972,433380.0,2457100.0,0.0,-18949.999999999993,0.0,0.0,native,0.14993357504635907,0.8500664249536409,2909430.0,0.0,-0.00651330329308486,96.90268355663994,3102650.0,-212170.0,-0.1053755105342461,96.90268355663994,-0.011270388409776996,111.3761474435327,2026-07-17T23:15:52.362646+00:00,exchange_history_v2_exit_aware,0.0,True
2022-07-01,2910980.0,40,0,39,19,7.0,973,0.0,2890480.0,20500.0,0.0,0.0,0.0,native,0.0,0.9929576980947997,2890480.0,20500.0,0.0,96.90268355663994,3123150.0,-212170.0,-0.1053755105342461,96.90268355663994,0.0,111.3761474435327,2026-07-17T23:15:52.362646+00:00,exchange_history_v2_exit_aware,0.0,True
2022-08-01,2924980.0,41,0,40,19,38.0,1004,0.0,2910980.0,14000.0,0.0,0.0,0.0,native,0.0,0.9952136424864444,2910980.0,14000.0,0.0,96.90268355663994,3137150.0,-212170.0,-0.1053755105342461,96.90268355663994,0.0,111.3761474435327,2026-07-17T23:15:52.362646+00:00,exchange_history_v2_exit_aware,0.0,True
2022-09-26,2920370.0,41,6,35,19,94.0,1060,188730.0,2731640.0,0.0,-4610.000000000002,0.0,0.0,native,0.06462537281234912,0.9353746271876509,2924980.0,0.0,-0.0015760791526779894,96.74995725724777,3137150.0,-216780.0,-0.10678550954156818,96.74995725724777,-0.005285935702004573,110.78742028940923,2026-07-17T23:15:52.362646+00:00,exchange_history_v2_exit_aware,0.0,True
2022-09-27,2910270.0,41,2,39,19,95.0,1061,129900.0,2780370.0,0.0,-10100.000000000002,0.0,0.0,native,0.044635033862837466,0.9553649661371625,2920370.0,0.0,-0.0034584658793235246,96.41535083124757,3137150.0,-226880.0,-0.10987466137973612,96.41535083124757,-0.003407294489611564,110.40993492273886,2026-07-17T23:15:52.362646+00:00,exchange_history_v2_exit_aware,0.0,True
2022-09-28,2919980.0,41,6,35,19,93.0,1062,251650.0,2668330.0,0.0,9709.999999999998,0.0,0.0,native,0.08618209713765163,0.9138179028623483,2910270.0,0.0,0.003336460190978885,96.7370368110953,3137150.0,-217170.0,-0.10690479362244787,96.7370368110953,0.005797756935898346,111.05006488872924,2026-07-17T23:15:52.362646+00:00,exchange_history_v2_exit_aware,0.0,True
2022-09-29,2940730.0,41,2,39,19,91.0,1063,76750.0,2863980.0,0.0,20750.0,0.0,0.0,native,0.02609896182240464,0.9739010381775953,2919980.0,0.0,0.007106213056253807,97.4244708051056,3137150.0,-196420.0,-0.10055826880641006,97.4244708051056,0.01774546591619762,113.0207000302037,2026-07-17T23:15:52.362646+00:00,exchange_history_v2_exit_aware,0.0,True
2022-09-30,2951480.0,41,5,36,18,4.0,1064,211850.0,2739630.0,0.0,10749.999999999998,0.0,0.0,native,0.071777548890726,0.928222451109274,2940730.0,0.0,0.00365555491323577,97.7806113080266,3137150.0,-185670.0,-0.09727031016677612,97.7806113080266,0.008775325848496579,114.01249350059392,2026-07-17T23:15:52.362646+00:00,exchange_history_v2_exit_aware,0.0,True
2022-10-10,2911480.0,41,1,40,17,14.0,1074,40000.0,2871480.0,0.0,-40000.0,0.0,0.0,native,0.013738717078599201,0.9862612829214008,2951480.0,0.0,-0.013552522802119604,96.45543734366937,3137150.0,-225670.0,-0.10950457487239118,96.45543734366937,-0.012195121951219513,112.62209723839156,2026-07-17T23:15:52.362646+00:00,exchange_history_v2_exit_aware,0.0,True
2022-12-27,2905190.0,41,7,34,19,92.0,1152,200110.0,2705080.0,0.0,-6290.0,0.0,0.0,native,0.06888017651169115,0.9311198234883089,2911480.0,0.0,-0.0021604132606096726,96.2470537377742,3137150.0,-231960.0,-0.11142841299734918,96.2470537377742,0.0007070712740983113,112.70172908817754,2026-07-17T23:15:52.362646+00:00,exchange_history_v2_exit_aware,0.0,True
2022-12-28,2928440.0,41,5,36,18,93.0,1153,230400.0,2698040.0,0.0,23250.000000000007,0.0,0.0,native,0.07867670158855909,0.9213232984114409,2905190.0,0.0,0.008002918914081336,97.01731110455684,3137150.0,-208710.0,-0.10431724663721043,97.01731110455684,0.034419570003149845,116.58087414200409,2026-07-17T23:15:52.362646+00:00,exchange_history_v2_exit_aware,0.0,True
2022-12-29,2929920.0,41,3,38,18,93.0,1154,134560.0,2795360.0,0.0,1479.9999999999986,0.0,0.0,native,0.04592616863259065,0.9540738313674093,2928440.0,0.0,0.0005053885345098763,97.06634254123806,3137150.0,-207230.0,-0.10386457884310263,97.06634254123806,-0.0014495523067456616,116.41188406696912,2026-07-17T23:15:52.362646+00:00,exchange_history_v2_exit_aware,0.0,True
2022-12-30,2497520.0,41,10,31,16,3.0,1155,554350.0,1943170.0,0.0,-432400.0,0.0,0.0,native,0.221960184503027,0.778039815496973,2929920.0,0.0,-0.14758082131935346,82.74121198653644,3137150.0,-639630.0,-0.2361169803108023,82.74121198653644,0.003794037940379401,116.85355517183025,2026-07-17T23:15:52.362646+00:00,exchange_history_v2_exit_aware,0.0,True
2023-03-24,2501170.0,41,1,40,16,87.0,1239,30250.0,2470920.0,0.0,3649.9999999999986,0.0,0.0,native,0.012094339848950692,0.9879056601510493,2497520.0,0.0,0.0014614497581602048,82.86213411078404,3137150.0,-635980.0,-0.23500060365641484,82.86213411078404,0.0033467815881166292,117.24463849878528,2026-07-17T23:15:52.362646+00:00,exchange_history_v2_exit_aware,0.0,True
2023-03-27,2501410.0,41,7,34,16,89.0,1242,235250.0,2266160.0,0.0,240.00000000000273,0.0,0.0,native,0.094046957515961,0.905953042484039,2501170.0,0.0,9.595509301640881e-05,82.87008515457018,3137150.0,-635740.0,-0.2349271980681813,82.87008515457018,-0.002221990671997906,116.9841220056992,2026-07-17T23:15:52.362646+00:00,exchange_history_v2_exit_aware,0.0,True
2023-03-28,2527260.0,41,4,37,16,90.0,1243,189100.0,2338160.0,0.0,25850.0,0.0,0.0,native,0.07482411781929837,0.9251758821807017,2501410.0,0.0,0.010334171527258684,83.72647882903604,3137150.0,-609890.0,-0.22702080450217743,83.72647882903604,0.02151648195003188,119.50120875527517,2026-07-17T23:15:52.362646+00:00,exchange_history_v2_exit_aware,0.0,True
2023-03-29,2561560.0,41,6,35,16,91.0,1244,343350.0,2218210.0,0.0,34299.99999999999,0.0,0.0,native,0.13403941348240916,0.8659605865175909,2527260.0,0.0,0.013572010794298928,84.86281550347236,3137150.0,-575590.0,-0.21652992251711245,84.86281550347236,0.017852285416739718,121.63457844161974,2026-07-17T23:15:52.362646+00:00,exchange_history_v2_exit_aware,0.0,True
2023-03-30,2575860.0,41,2,39,16,90.0,1245,175800.0,2400060.0,0.0,14300.000000000005,0.0,0.0,native,0.06824905080245044,0.9317509491975495,2561560.0,0.0,0.005582535642342901,85.33656519573007,3137150.0,-561290.0,-0.212156172884855,85.33656519573007,0.01480890764642053,123.43585368037297,2026-07-17T23:15:52.362646+00:00,exchange_history_v2_exit_aware,0.0,True
2023-03-31,2626035.0,41,5,36,16,4.0,1246,274185.0,2351850.0,0.0,50175.0,0.0,0.0,native,0.10441026109705316,0.8955897389029468,2575860.0,0.0,0.019478931308378522,86.99883028727066,3137150.0,-511115.0,-0.1968098170947491,86.99883028727066,0.023098762763648164,126.2870691810643,2026-07-17T23:15:52.362646+00:00,exchange_history_v2_exit_aware,0.0,True
2023-06-26,2623535.0,41,6,35,16,91.0,1333,256100.0,2367435.0,0.0,-2500.0000000000073,0.0,0.0,native,0.09761638400097579,0.9023836159990242,2626035.0,0.0,-0.0009520055901768298,86.91600691449834,3137150.0,-513615.0,-0.19757445863884993,86.91600691449834,-0.004029862575544472,125.77814964719632,2026-07-17T23:15:52.362646+00:00,exchange_history_v2_exit_aware,0.0,True
2023-06-27,2638685.0,41,4,37,16,92.0,1334,200500.0,2438185.0,0.0,15150.0,0.0,0.0,native,0.07598481819542689,0.9240151818045731,2623535.0,0.0,0.005774651376863726,87.41791655349866,3137150.0,-498465.0,-0.19294073088159802,87.41791655349866,0.013078983800943376,127.4232000289446,2026-07-17T23:15:52.362646+00:00,exchange_history_v2_exit_aware,0.0,True
2023-06-28,2638135.0,41,2,39,16,92.0,1335,80100.0,2558035.0,0.0,-549.9999999999972,0.0,0.0,native,0.03036235825687465,0.9696376417431254,2638685.0,0.0,-0.0002084371571445809,87.39969541148874,3137150.0,-499015.0,-0.1931089520213004,87.39969541148874,-0.00043383313758090604,127.36791962227545,2026-07-17T23:15:52.362646+00:00,exchange_history_v2_exit_aware,0.0,True
2023-06-29,2620185.0,41,4,37,16,92.0,1336,226375.0,2393810.0,0.0,-17950.000000000007,0.0,0.0,native,0.0863965712344739,0.9136034287655261,2638135.0,0.0,-0.006804049072545615,86.80502359498344,3137150.0,-516965.0,-0.1985990783079451,86.80502359498344,-0.006793527360928485,126.50264217541698,2026-07-17T23:15:52.362646+00:00,exchange_history_v2_exit_aware,0.0,True
2023-06-30,2607525.0,41,9,32,16,4.0,1337,466350.0,2141175.0,0.0,-12660.0,0.0,0.0,native,0.1788477579313717,0.8211522420686282,2620185.0,0.0,-0.004831719897640863,86.38560603526436,3137150.0,-529625.0,-0.2024712230872724,86.38560603526436,-0.007069409279448998,125.60834322294727,2026-07-17T23:15:52.362646+00:00,exchange_history_v2_exit_aware,0.0,True
2023-09-25,2605965.0,41,1,40,16,91.0,1424,74100.0,2531865.0,0.0,-1559.9999999999945,0.0,0.0,native,0.028434764089310487,0.9715652359106896,2607525.0,0.0,-0.0005982684729772814,86.33392425065442,3137150.0,-531185.0,-0.20294835941079148,86.33392425065442,-0.000502891626854411,125.54517583887738,2026-07-17T23:15:52.362646+00:00,exchange_history_v2_exit_aware,0.0,True
2023-09-26,2590290.0,41,3,38,16,92.0,1425,74690.0,2515600.0,0.0,-15674.999999999996,0.0,0.0,native,0.028834609252245888,0.9711653907477541,2605965.0,0.0,-0.006015046249661871,85.81462170337193,3137150.0,-546860.0,-0.2077426618923045,85.81462170337193,-0.007868241207395429,124.55735611295225,2026-07-17T23:15:52.362646+00:00,exchange_history_v2_exit_aware,0.0,True
2023-09-27,2557500.0,41,5,36,16,92.0,1426,312260.0,2245240.0,0.0,-32789.99999999999,0.0,0.0,native,0.12209579667644184,0.8779042033235581,2590290.0,0.0,-0.01265881426403992,84.7283103460901,3137150.0,-579650.0,-0.21777170038473237,84.7283103460901,-0.01775878459050186,122.3453688565799,2026-07-17T23:15:52.362646+00:00,exchange_history_v2_exit_aware,0.0,True
2023-09-28,2540600.0,41,6,35,16,93.0,1427,205900.0,2334700.0,0.0,-16899.999999999993,0.0,0.0,native,0.08104384790994254,0.9189561520900574,2557500.0,0.0,-0.00660801564027369,84.16842434614918,3137150.0,-596550.0,-0.2229406772228547,84.16842434614918,-0.0093448779293762,121.20206631939065,2026-07-17T23:15:52.362646+00:00,exchange_history_v2_exit_aware,0.0,True
2023-09-29,2508350.0,41,10,31,16,2.0,1428,463300.0,2045050.0,0.0,-32250.000000000004,0.0,0.0,native,0.18470309167380947,0.8152969083261905,2540600.0,0.0,-0.012693851846020676,83.10000283738616,3137150.0,-628800.0,-0.23280455314175696,83.10000283738616,-0.005559308902108769,120.52826659314728,2026-07-17T23:15:52.362646+00:00,exchange_history_v2_exit_aware,0.0,True
2023-12-27,2500950.0,41,2,39,16,91.0,1517,56000.0,2444950.0,0.0,-7399.999999999998,0.0,0.0,native,0.022391491233331333,0.9776085087666687,2508350.0,0.0,-0.0029501465106543945,82.85484565398006,3137150.0,-636200.0,-0.23506789211229584,82.85484565398006,-0.004558640696228761,119.97882153200985,2026-07-17T23:15:52.362646+00:00,exchange_history_v2_exit_aware,0.0,True
2023-12-28,2485230.0,41,3,38,16,92.0,1518,153380.0,2331850.0,0.0,-15720.000000000005,0.0,0.0,native,0.06171662180160387,0.9382833781983961,2500950.0,0.0,-0.0062856114676422825,82.33405228598768,3137150.0,-651920.0,-0.23987595814160256,82.33405228598768,-0.008173566973153688,118.9981665988579,2026-07-17T23:15:52.362646+00:00,exchange_history_v2_exit_aware,0.0,True
2023-12-29,2388490.0,41,20,21,16,1.0,1519,801010.0,1587480.0,0.0,-96740.0,0.0,0.0,native,0.3353625093678433,0.6646374906321567,2485230.0,0.0,-0.03892597465828107,79.12911905318974,3137150.0,-748660.0,-0.26946452733213266,79.12911905318974,-0.02824086741347259,115.63755515349325,2026-07-17T23:15:52.362646+00:00,exchange_history_v2_exit_aware,0.0,True
2024-03-22,2395390.0,41,2,39,16,85.0,1603,56700.0,2338690.0,0.0,6900.000000000002,0.0,0.0,native,0.023670467022071564,0.9763295329779285,2388490.0,0.0,0.002888854464536239,79.35771156204136,3137150.0,-741760.0,-0.2673541166704141,79.35771156204136,0.006996475193510104,116.44661043956283,2026-07-17T23:15:52.362646+00:00,exchange_history_v2_exit_aware,0.0,True
2024-03-25,2414030.0,41,7,34,16,87.0,1606,389640.0,2024390.0,0.0,18640.0,0.0,0.0,native,0.16140644482462935,0.8385935551753706,2395390.0,0.0,0.007781613849936697,79.97524262943182,3137150.0,-723120.0,-0.2616529493175975,79.97524262943182,0.010283973743509625,117.644144323844,2026-07-17T23:15:52.362646+00:00,exchange_history_v2_exit_aware,0.0,True
2024-03-26,2424730.0,41,3,38,16,88.0,1607,64300.0,2360430.0,0.0,10700.000000000002,0.0,0.0,native,0.02651841648348476,0.9734815835165153,2414030.0,0.0,0.004432422132285119,80.32972666489738,3137150.0,-712420.0,-0.25838028350884545,80.32972666489738,0.02622060679251596,120.72884517360151,2026-07-17T23:15:52.362646+00:00,exchange_history_v2_exit_aware,0.0,True
2024-03-27,2434380.0,41,1,40,16,89.0,1608,59000.0,2375380.0,0.0,9649.999999999998,0.0,0.0,native,0.02423615047773971,0.9757638495222603,2424730.0,0.0,0.003979824557785783,80.64942488379856,3137150.0,-702770.0,-0.25542876714861573,80.64942488379856,0.004769318209899424,121.30463945334809,2026-07-17T23:15:52.362646+00:00,exchange_history_v2_exit_aware,0.0,True
2024-03-28,2542480.0,41,12,29,16,3.0,1609,594740.0,1947740.0,0.0,108100.0,0.0,0.0,native,0.23392121078631886,0.7660787892136811,2434380.0,0.0,0.04440555706175697,84.23070752247396,3137150.0,-594670.0,-0.2223656667816909,84.23070752247396,0.039860547880364056,126.13990884238855,2026-07-17T23:15:52.362646+00:00,exchange_history_v2_exit_aware,0.0,True
2024-06-21,2539480.0,41,1,40,16,88.0,1694,23000.0,2516480.0,0.0,-3000.0,0.0,0.0,native,0.00905697229354041,0.9909430277064596,2542480.0,0.0,-0.0011799502847613663,84.13131947514717,3137150.0,-597670.0,-0.22328323663461203,84.13131947514717,-0.0028142589118198883,125.78491847979272,2026-07-17T23:15:52.362646+00:00,exchange_history_v2_exit_aware,0.0,True
2024-06-24,2535830.0,41,6,35,16,91.0,1697,335300.0,2200530.0,0.0,-3649.9999999999854,0.0,0.0,native,0.13222495198810646,0.8677750480118935,2539480.0,0.0,-0.0014373021248444973,84.01039735089955,3137150.0,-601320.0,-0.2243996132889996,84.01039735089955,0.004350192155088478,126.33210704539198,2026-07-17T23:15:52.362646+00:00,exchange_history_v2_exit_aware,0.0,True
2024-06-25,2531030.0,41,2,39,16,92.0,1698,64900.0,2466130.0,0.0,-4800.000000000002,0.0,0.0,native,0.025641734787813657,0.9743582652121864,2535830.0,0.0,-0.0018928713675601117,83.85137647517669,3137150.0,-606120.0,-0.22586772505367336,83.85137647517669,-0.005874951606658924,125.58991203013304,2026-07-17T23:15:52.362646+00:00,exchange_history_v2_exit_aware,0.0,True
2024-06-26,2516030.0,41,6,35,16,93.0,1699,193890.0,2322140.0,0.0,-15000.000000000004,0.0,0.0,native,0.07706187923037483,0.9229381207696251,2531030.0,0.0,-0.005926441014132533,83.35443623854273,3137150.0,-621120.0,-0.230455574318279,83.35443623854273,-0.010101512547590397,124.32126395790988,2026-07-17T23:15:52.362646+00:00,exchange_history_v2_exit_aware,0.0,True
2024-06-27,2475410.0,41,5,36,16,91.0,1700,225380.0,2250030.0,0.0,-40620.0,0.0,0.0,native,0.09104754363923552,0.9089524563607645,2516030.0,0.0,-0.01614448158408288,82.00872207773796,3137150.0,-661740.0,-0.2428794701268313,82.00872207773796,-0.018346965448516342,122.04034602355821,2026-07-17T23:15:52.362646+00:00,exchange_history_v2_exit_aware,0.0,True
2024-06-28,2465550.0,41,5,36,16,4.0,1701,244980.0,2220570.0,0.0,-9860.000000000005,0.0,0.0,native,0.09936119729877715,0.9006388027012229,2475410.0,0.0,-0.003983178544160415,81.6820666955239,3137150.0,-671600.0,-0.24589521637676548,81.6820666955239,-0.0001484795692112765,122.02222552555423,2026-07-17T23:15:52.362646+00:00,exchange_history_v2_exit_aware,0.0,True
2024-09-23,2467550.0,41,1,40,16,91.0,1788,56000.0,2411550.0,0.0,2000.0,0.0,0.0,native,0.02269457559117343,0.9773054244088266,2465550.0,0.0,0.0008111780332988872,81.74832539374177,3137150.0,-669600.0,-0.24528350314148462,81.74832539374177,0.0009033423667569995,122.13245337155745,2026-07-17T23:15:52.362646+00:00,exchange_history_v2_exit_aware,0.0,True
2024-09-24,2468950.0,41,2,39,16,92.0,1789,133900.0,2335050.0,0.0,1399.9999999999986,0.0,0.0,native,0.05423358107697604,0.9457664189230239,2467550.0,0.0,0.0005673643897794456,81.79470648249428,3137150.0,-668200.0,-0.244855303876788,81.79470648249428,0.0020637898686679157,122.38450909146124,2026-07-17T23:15:52.362646+00:00,exchange_history_v2_exit_aware,0.0,True
2024-09-25,2472450.0,41,5,36,16,93.0,1790,241100.0,2231350.0,0.0,3500.0000000000055,0.0,0.0,native,0.09751461101336731,0.9024853889866327,2468950.0,0.0,0.0014176066749023164,81.91065920437553,3137150.0,-664700.0,-0.24378480571504668,81.91065920437553,0.0017453546416961094,122.59811346247571,2026-07-17T23:15:52.362646+00:00,exchange_history_v2_exit_aware,0.0,True
2024-09-26,2474970.0,41,6,35,16,92.0,1791,339600.0,2135370.0,0.0,2520.0,0.0,0.0,native,0.137213784409508,0.862786215590492,2472450.0,0.0,0.0010192319359338953,81.99414516413003,3137150.0,-662180.0,-0.24301404703859308,81.99414516413003,-0.0064530200974835025,121.8069853723888,2026-07-17T23:15:52.362646+00:00,exchange_history_v2_exit_aware,0.0,True
2024-09-27,2501010.0,41,8,33,16,3.0,1792,223430.0,2277580.0,0.0,26039.999999999996,0.0,0.0,native,0.0893359082930496,0.9106640917069504,2474970.0,0.0,0.010521339652601824,82.85683341492658,3137150.0,-636140.0,-0.23504954071523765,82.85683341492658,0.023384001249839824,124.65532007057595,2026-07-17T23:15:52.362646+00:00,exchange_history_v2_exit_aware,0.0,True
2024-09-30,2507330.0,41,3,38,16,5.0,1795,135200.0,2372130.0,0.0,6320.000000000003,0.0,0.0,native,0.05392190098630814,0.9460780990136919,2501010.0,0.0,0.002526979100443416,83.06621090129502,3137150.0,-629820.0,-0.23311652689175044,83.06621090129502,0.006605691056910573,125.47875460356248,2026-07-17T23:15:52.362646+00:00,exchange_history_v2_exit_aware,0.0,True
2024-12-01,16257330.0,42,0,41,16,67.0,1857,0.0,2507330.0,13750000.0,0.0,0.0,0.0,native,0.0,0.15422766222989875,2507330.0,13750000.0,0.0,83.06621090129502,16887150.0,-629820.0,-0.23311652689175044,83.06621090129502,0.0,125.47875460356248,2026-07-17T23:15:52.362646+00:00,exchange_history_v2_exit_aware,0.0,True
2024-12-24,16259730.0,42,2,40,16,90.0,1880,52800.0,16206930.0,0.0,2400.0000000000023,0.0,0.0,native,0.0032472863940545137,0.9967527136059455,16257330.0,0.0,0.0001476257171380002,83.07847361024926,16887150.0,-627420.0,-0.23300331516907158,83.07847361024926,0.0019132653061224528,125.71882875140092,2026-07-17T23:15:52.362646+00:00,exchange_history_v2_exit_aware,0.0,True
2024-12-26,16275030.0,42,4,38,16,92.0,1882,179900.0,16095130.0,0.0,15299.999999999996,0.0,0.0,native,0.011053743065296962,0.9889462569347031,16259730.0,0.0,0.0009409750346407453,83.15664837983256,16887150.0,-612120.0,-0.23228159043699348,83.15664837983256,0.012504219680237717,127.29084460405062,2026-07-17T23:15:52.362646+00:00,exchange_history_v2_exit_aware,0.0,True
2024-12-27,16271730.0,42,5,37,16,92.0,1883,291200.0,15980530.0,0.0,-3300.0000000000045,0.0,0.0,native,0.017896068826117443,0.9821039311738825,16275030.0,0.0,-0.00020276460319890166,83.13978715502047,16887150.0,-615420.0,-0.23243725655567704,83.13978715502047,-0.0018258805382865523,127.05842672818603,2026-07-17T23:15:52.362646+00:00,exchange_history_v2_exit_aware,0.0,True
2024-12-30,16310680.0,42,8,34,16,92.5,1886,433850.0,15876830.0,0.0,38950.0,0.0,0.0,native,0.026599136271449136,0.9734008637285508,16271730.0,0.0,0.002393722118053887,83.33880070242373,16887150.0,-576470.0,-0.23059992463970036,83.33880070242373,0.007789531546874163,128.04815235148143,2026-07-17T23:15:52.362646+00:00,exchange_history_v2_exit_aware,0.0,True
2024-12-31,16305240.0,42,6,36,16,5.0,1887,219390.0,16085850.0,0.0,-5440.000000000002,0.0,0.0,native,0.013455183732346165,0.9865448162676538,16310680.0,0.0,-0.00033352380158280237,83.31100522879412,16887150.0,-581910.0,-0.2308565378777725,83.31100522879412,0.002592305854190574,128.3800923264405,2026-07-17T23:15:52.362646+00:00,exchange_history_v2_exit_aware,0.0,True
2025-03-24,16305240.0,42,1,41,16,88.0,1970,21800.0,16283440.0,0.0,0.0,0.0,0.0,native,0.0013369935063819974,0.998663006493618,16305240.0,0.0,0.0,83.31100522879412,16887150.0,-581910.0,-0.2308565378777725,83.31100522879412,0.0,128.3800923264405,2026-07-17T23:15:52.362646+00:00,exchange_history_v2_exit_aware,0.0,True
2025-03-25,16303590.0,42,1,41,16,89.0,1971,82500.0,16221090.0,0.0,-1649.999999999994,0.0,0.0,native,0.005060235199732084,0.9949397648002679,16305240.0,0.0,-0.00010119446263900933,83.30257461638807,16887150.0,-583560.0,-0.23093437093711422,83.30257461638807,-0.00046685340802987696,128.32015764281468,2026-07-17T23:15:52.362646+00:00,exchange_history_v2_exit_aware,0.0,True
2025-03-26,16306690.0,42,5,37,16,89.5,1972,148050.0,16158640.0,0.0,3100.0,0.0,0.0,native,0.009079095757630764,0.9909209042423692,16303590.0,0.0,0.0001901421711414386,83.31841394878731,16887150.0,-580460.0,-0.23078813912865392,83.31841394878731,0.0008279734658090875,128.42640332847134,2026-07-17T23:15:52.362646+00:00,exchange_history_v2_exit_aware,0.0,True
2025-03-27,16319090.0,42,2,40,16,90.5,1973,104500.0,16214590.0,0.0,12400.000000000005,0.0,0.0,native,0.006403543334830558,0.9935964566651695,16306690.0,0.0,0.0007604240958771769,83.38177127838424,16887150.0,-568060.0,-0.23020321189481285,83.38177127838424,0.004478167707543971,129.00151830065295,2026-07-17T23:15:52.362646+00:00,exchange_history_v2_exit_aware,0.0,True
2025-03-28,16324440.0,42,8,34,16,91.0,1974,475850.0,15848590.0,0.0,5350.0,0.0,0.0,native,0.029149545099249958,0.9708504549007501,16319090.0,0.0,0.00032783690757276496,83.40910690042807,16887150.0,-562710.0,-0.22995084409634103,83.40910690042807,-0.0022169686764566994,128.71552597536504,2026-07-17T23:15:52.362646+00:00,exchange_history_v2_exit_aware,0.0,True
2025-03-31,16287610.0,42,8,34,16,5.0,1977,326810.0,15960800.0,0.0,-36830.00000000001,0.0,0.0,native,0.02006494507174472,0.9799350549282553,16324440.0,0.0,-0.0022561263969851364,83.22092541260106,16887150.0,-599540.0,-0.23168817232395145,83.22092541260106,-0.014955221946665733,126.79055671642163,2026-07-17T23:15:52.362646+00:00,exchange_history_v2_exit_aware,0.0,True
2025-06-24,16284010.0,42,2,40,17,90.0,2062,116350.0,16167660.0,0.0,-3599.9999999999945,0.0,0.0,native,0.007145045968407045,0.992854954031593,16287610.0,0.0,-0.00022102690327185925,83.20253134916969,16887150.0,-603140.0,-0.2318579899079699,83.20253134916969,-0.0009523809523809505,126.66980380526314,2026-07-17T23:15:52.362646+00:00,exchange_history_v2_exit_aware,0.0,True
2025-06-25,16280510.0,42,4,38,17,90.5,2063,127100.0,16153410.0,0.0,-3500.000000000002,0.0,0.0,native,0.007806880742679437,0.9921931192573206,16284010.0,0.0,-0.00021493477343725864,83.18464823194476,16887150.0,-606640.0,-0.23202309033687651,83.18464823194476,0.0025360327729623054,126.99104257905798,2026-07-17T23:15:52.362646+00:00,exchange_history_v2_exit_aware,0.0,True
2025-06-26,16283630.0,42,1,41,17,91.5,2064,66300.0,16217330.0,0.0,3120.0000000000027,0.0,0.0,native,0.004071573721584192,0.9959284262784158,16280510.0,0.0,0.0001916401881758567,83.20058975358528,16887150.0,-603520.0,-0.23187591509739391,83.20058975358528,0.0011757789535567313,127.14035597421265,2026-07-17T23:15:52.362646+00:00,exchange_history_v2_exit_aware,0.0,True
2025-06-27,16287575.0,42,10,32,17,91.0,2065,445825.0,15841750.0,0.0,3944.999999999991,0.0,0.0,native,0.027372091916691096,0.9726279080833089,16283630.0,0.0,0.0002422678481395213,83.22074658142881,16887150.0,-599575.0,-0.2316898233282405,83.22074658142881,0.004477888581482181,127.70967632247516,2026-07-17T23:15:52.362646+00:00,exchange_history_v2_exit_aware,0.0,True
2025-06-30,16244175.0,42,8,34,17,5.0,2068,360500.0,15883675.0,0.0,-43400.00000000002,0.0,0.0,native,0.022192570567603463,0.9778074294323965,16287575.0,0.0,-0.0026646078375693882,82.99899592783957,16887150.0,-642975.0,-0.2337370686466843,82.99899592783957,0.0008564282953829975,127.81905050287192,2026-07-17T23:15:52.362646+00:00,exchange_history_v2_exit_aware,0.0,True
2025-09-01,28744175.0,43,0,42,17,68.0,2131,0.0,16244175.0,12500000.0,0.0,0.0,0.0,native,0.0,0.5651292827155415,16244175.0,12500000.0,0.0,82.99899592783957,29387150.0,-642975.0,-0.2337370686466843,82.99899592783957,0.0,127.81905050287192,2026-07-17T23:15:52.362646+00:00,exchange_history_v2_exit_aware,0.0,True
2025-09-24,28743275.0,43,1,42,17,91.0,2154,54000.0,28689275.0,0.0,-899.9999999999986,0.0,0.0,native,0.0018787003220753376,0.9981212996779246,28744175.0,0.0,-3.1310691644526045e-05,82.99639717187127,29387150.0,-643875.0,-0.23376106086904658,82.99639717187127,-0.0003812428516965311,127.77032040355706,2026-07-17T23:15:52.362646+00:00,exchange_history_v2_exit_aware,0.0,True
2025-09-25,28737185.0,43,3,40,17,92.0,2155,96950.0,28640235.0,0.0,-6089.9999999999945,0.0,0.0,native,0.0033736776932048146,0.9966263223067952,28743275.0,0.0,-0.00021187564743407883,82.9788122564858,29387150.0,-649965.0,-0.23392340824036395,82.9788122564858,-0.003439878418350852,127.33080603589511,2026-07-17T23:15:52.362646+00:00,exchange_history_v2_exit_aware,0.0,True
2025-09-26,28729885.0,43,7,36,17,91.0,2156,372950.0,28356935.0,0.0,-7299.999999999991,0.0,0.0,native,0.012981256277217957,0.9870187437227821,28737185.0,0.0,-0.00025402627292825386,82.95773345807626,29387150.0,-657265.0,-0.2341180118217463,82.95773345807626,-0.0003242899336837294,127.28951393724984,2026-07-17T23:15:52.362646+00:00,exchange_history_v2_exit_aware,0.0,True
2025-09-29,28755005.0,43,9,34,17,94.0,2159,436850.0,28318155.0,0.0,25120.0,0.0,0.0,native,0.015192137855653303,0.9848078621443467,28729885.0,0.0,0.000874350871923113,83.03026762465811,29387150.0,-632145.0,-0.23344836223759236,83.03026762465811,0.018869444282177104,129.69139632819417,2026-07-17T23:15:52.362646+00:00,exchange_history_v2_exit_aware,0.0,True
2025-09-30,28766590.0,43,4,39,17,5.0,2160,144140.0,28622450.0,0.0,11585.00000000001,0.0,0.0,native,0.0050106738407298184,0.9949893261592702,28755005.0,0.0,0.000402886384474721,83.06371938898337,29387150.0,-620560.0,-0.2331395290197411,83.06371938898337,0.00902292462806891,130.86159202217246,2026-07-17T23:15:52.362646+00:00,exchange_history_v2_exit_aware,0.0,True
2025-10-01,28762990.0,43,1,42,17,6.0,2161,30000.0,28732990.0,0.0,-3600.0000000000014,0.0,0.0,native,0.0010430070030966877,0.9989569929969033,28766590.0,0.0,-0.00012514517709605322,83.05332436511019,29387150.0,-624160.0,-0.23323549790918985,83.05332436511019,-0.00249169435215947,130.53552493241622,2026-07-17T23:15:52.362646+00:00,exchange_history_v2_exit_aware,0.0,True
2025-12-26,28757840.0,43,3,40,17,91.0,2247,85750.0,28672090.0,0.0,-5149.999999999995,0.0,0.0,native,0.002981795572963755,0.9970182044270363,28762990.0,0.0,-0.00017904953553160574,83.03845370595825,29387150.0,-629310.0,-0.23337278673715145,83.03845370595825,-0.00355785592739648,130.07109834129963,2026-07-17T23:15:52.362646+00:00,exchange_history_v2_exit_aware,0.0,True
2025-12-29,28740930.0,43,4,39,17,94.0,2250,239080.0,28501850.0,0.0,-16910.0,0.0,0.0,native,0.008318450377214655,0.9916815496227853,28757840.0,0.0,-0.0005880135643010487,82.98962596882056,29387150.0,-646220.0,-0.23382357393731223,82.98962596882056,-0.006471147080588617,129.22938913299936,2026-07-17T23:15:52.362646+00:00,exchange_history_v2_exit_aware,0.0,True
2025-12-30,28745190.0,43,9,34,17,95.0,2251,301460.0,28443730.0,0.0,4260.000000000002,0.0,0.0,native,0.01048731979158948,0.9895126802084105,28740930.0,0.0,0.00014822067344377743,83.0019267470705,29387150.0,-641960.0,-0.23371001075146458,83.0019267470705,-0.0022385799646111406,128.9400988116473,2026-07-17T23:15:52.362646+00:00,exchange_history_v2_exit_aware,0.0,True
2025-12-31,28753270.0,43,9,34,18,2.0,2252,498880.0,28254390.0,0.0,8079.999999999999,0.0,0.0,native,0.017350374409588892,0.9826496255904111,28745190.0,0.0,0.0002810905059247304,83.02525780065257,29387150.0,-633880.0,-0.2334946139107016,83.02525780065257,0.005136966671644572,129.60245980188128,2026-07-17T23:15:52.362646+00:00,exchange_history_v2_exit_aware,0.0,True
2026-03-24,28755570.0,43,1,42,18,85.0,2335,35000.0,28720570.0,0.0,2299.9999999999973,0.0,0.0,native,0.0012171554937008726,0.9987828445062992,28753270.0,0.0,7.999090190446978e-05,83.0318990659049,29387150.0,-631580.0,-0.2334333004535536,83.0318990659049,0.0016357300334257847,129.8144544377851,2026-07-17T23:15:52.362646+00:00,exchange_history_v2_exit_aware,0.0,True
2026-03-25,28755370.0,43,2,41,18,86.0,2336,94050.0,28661320.0,0.0,-200.00000000000284,0.0,0.0,native,0.0032706934391732744,0.9967293065608267,28755570.0,0.0,-6.955174249756446e-06,83.0313215645786,29387150.0,-631780.0,-0.233438632058523,83.0313215645786,-0.00011074197120708967,129.8000785292095,2026-07-17T23:15:52.362646+00:00,exchange_history_v2_exit_aware,0.0,True
2026-03-26,28761070.0,43,2,41,18,87.0,2337,48000.0,28713070.0,0.0,5700.000000000003,0.0,0.0,native,0.0016689226096247463,0.9983310773903753,28755370.0,0.0,0.00019822384479839528,83.04778035237781,29387150.0,-626080.0,-0.2332866813168959,83.04778035237781,0.006439094603748025,130.63587351443297,2026-07-17T23:15:52.362646+00:00,exchange_history_v2_exit_aware,0.0,True
2026-03-27,28759720.0,43,9,34,18,87.0,2338,417930.0,28341790.0,0.0,-1349.999999999999,0.0,0.0,native,0.01453178264600629,0.9854682173539937,28761070.0,0.0,-4.693844839565031e-05,83.04388221842538,29387150.0,-627430.0,-0.23332266965043902,83.04388221842538,0.008298158757901259,131.71991073233283,2026-07-17T23:15:52.362646+00:00,exchange_history_v2_exit_aware,0.0,True
2026-03-30,28746830.0,43,7,36,18,89.0,2341,398200.0,28348630.0,0.0,-12890.000000000007,0.0,0.0,native,0.013851962111996349,0.9861480378880036,28759720.0,0.0,-0.0004481962967650688,83.00666225794609,29387150.0,-640320.0,-0.2336662915907154,83.00666225794609,-0.006545976085119428,130.85767534674494,2026-07-17T23:15:52.362646+00:00,exchange_history_v2_exit_aware,0.0,True
2026-03-31,28746730.0,43,4,39,18,5.0,2342,125450.0,28621280.0,0.0,-99.99999999999955,0.0,0.0,native,0.004363974615547577,0.9956360253844524,28746830.0,0.0,-3.4786444279566453e-06,83.00637350728294,29387150.0,-640420.0,-0.23366895739320015,83.00637350728294,-0.00031696008114177985,130.816198687349,2026-07-17T23:15:52.362646+00:00,exchange_history_v2_exit_aware,0.0,True
2026-06-24,28803330.0,43,5,38,15,89.0,2427,581350.0,28221980.0,0.0,56600.000000000015,0.0,0.0,native,0.020183430179774354,0.9798165698202257,28746730.0,0.0,0.0019689195953764838,83.16980638262257,29387150.0,-583820.0,-0.23216011318686636,83.16980638262257,0.008931234004673421,131.98454876942756,2026-07-17T23:15:52.362646+00:00,exchange_history_v2_exit_aware,0.0,True
2026-06-25,28802550.0,43,4,39,15,90.0,2428,340180.0,28462370.0,0.0,-779.9999999999918,0.0,0.0,native,0.011810759811197273,0.9881892401888027,28803330.0,0.0,-2.708020218500362e-05,83.16755412745003,29387150.0,-584600.0,-0.232180906446247,83.16755412745003,-0.0031247073573087607,131.57213567883664,2026-07-17T23:15:52.362646+00:00,exchange_history_v2_exit_aware,0.0,True
2026-06-26,28788030.0,43,9,34,15,91.0,2429,550000.0,28238030.0,0.0,-14520.000000000015,0.0,0.0,native,0.019105162805513262,0.9808948371944868,28802550.0,0.0,-0.0005041220308618088,83.1256275311615,29387150.0,-599120.0,-0.2325679809670238,83.1256275311615,-0.011863628826217996,130.01121269727014,2026-07-17T23:15:52.362646+00:00,exchange_history_v2_exit_aware,0.0,True
2026-06-27,28787750.0,43,1,42,15,92.0,2430,169120.0,28618630.0,0.0,-279.99999999999403,0.0,0.0,native,0.005874721018488767,0.9941252789815113,28788030.0,0.0,-9.726264700971043e-06,83.1248190293047,29387150.0,-599400.0,-0.23257544521398088,83.1248190293047,-3.843936190659119e-05,130.00621514921335,2026-07-17T23:15:52.362646+00:00,exchange_history_v2_exit_aware,0.0,True
2026-06-29,28776900.0,43,9,34,15,5.0,2432,269150.0,28507750.0,0.0,-10850.0,0.0,0.0,native,0.009352987986892264,0.9906470120131078,28787750.0,0.0,-0.00037689642295768433,83.09348958235356,29387150.0,-610250.0,-0.2328646847835696,83.09348958235356,-0.006081162226634769,129.2156262644202,2026-07-17T23:15:52.362646+00:00,exchange_history_v2_exit_aware,0.0,True
2026-06-30,28809180.0,43,7,36,15,4.0,2433,718200.0,28090980.0,0.0,32279.999999999985,0.0,0.0,native,0.024929553704756607,0.9750704462952434,28776900.0,0.0,0.0011217330567225847,83.18669829641652,29387150.0,-577970.0,-0.2320041637415119,83.18669829641652,0.0057154507913910295,129.95415181781325,2026-07-17T23:15:52.362646+00:00,exchange_history_v2_exit_aware,0.0,True
2026-07-01,28809180.0,43,3,40,15,5.0,2434,455000.0,28354180.0,0.0,0.0,0.0,0.0,native,0.015793576908471534,0.9842064230915285,28809180.0,0.0,0.0,83.18669829641652,29387150.0,-577970.0,-0.2320041637415119,83.18669829641652,0.0,129.95415181781325,2026-07-17T23:15:52.362646+00:00,exchange_history_v2_exit_aware,0.0,True
